{
    "epistemic_uncertainty": [
        [
            3.219850540161133,
            0.465629905462265
        ],
        [
            4.314122200012207,
            0.6885800957679749
        ],
        [
            5.765824317932129,
            0.8861474394798279
        ]
    ],
    "aleatoric_uncertainty": [
        [
            0.6022181510925293,
            0.010081359185278416
        ],
        [
            0.7760384678840637,
            0.011435816995799541
        ],
        [
            0.968411922454834,
            0.020821278914809227
        ]
    ],
    "accuracy": [
        [
            1268.316162109375,
            1268.17236328125
        ],
        [
            1268.2857666015625,
            1268.168212890625
        ],
        [
            1268.33349609375,
            1268.1632080078125
        ]
    ],
    "discarded": [
        [
            "nat_demand",
            "T2M_toc"
        ],
        [
            "nat_demand",
            "T2M_toc"
        ],
        [
            "nat_demand",
            "T2M_toc"
        ]
    ],
    "shap_values": [
        [
            [
                [
                    "nat_demand",
                    0.002346440078836167
                ],
                [
                    "T2M_toc",
                    0.013409032346535243
                ]
            ],
            [
                [
                    "T2M_toc",
                    0.039039051532745374
                ]
            ]
        ],
        [
            [
                [
                    "nat_demand",
                    0.0016296660323860124
                ],
                [
                    "T2M_toc",
                    0.008376764805695224
                ]
            ],
            [
                [
                    "T2M_toc",
                    0.021660768240690242
                ]
            ]
        ],
        [
            [
                [
                    "nat_demand",
                    0.0015459086126436894
                ],
                [
                    "T2M_toc",
                    0.006800423593849822
                ]
            ],
            [
                [
                    "T2M_toc",
                    0.016008898615837097
                ]
            ]
        ]
    ]
}